{
  "multiclass": {
    "statistics": {
      "accuracy": {
        "mean": 0.968938559072989,
        "std": 0.025914422797368067,
        "median": 0.976318359375,
        "min": 0.8029136657714844,
        "max": 0.9904899597167969,
        "q25": 0.9669971466064453,
        "q75": 0.9820404052734375
      },
      "miou_all": {
        "mean": 0.8509894439249452,
        "std": 0.08939158647152623,
        "median": 0.8927375572889017,
        "min": 0.5445925166317636,
        "max": 0.9621599298569062,
        "q25": 0.7829727361348916,
        "q75": 0.9199175619624689
      },
      "miou_foreground": {
        "mean": 0.8331994428772654,
        "std": 0.10029493477317888,
        "median": 0.8799422631923982,
        "min": 0.5050788398432087,
        "max": 0.9590063966885136,
        "q25": 0.7541805072464252,
        "q75": 0.9112475136420441
      },
      "mdice_all": {
        "mean": 0.8886389243705464,
        "std": 0.08459478208220521,
        "median": 0.9349323485796661,
        "min": 0.5948552310031008,
        "max": 0.9792733653567707,
        "q25": 0.8209052344514107,
        "q75": 0.9544093597568448
      },
      "mdice_foreground": {
        "mean": 0.8745218100524205,
        "std": 0.09566576404974379,
        "median": 0.9270660521218227,
        "min": 0.5510037081301796,
        "max": 0.9774474602856377,
        "q25": 0.7967084801076527,
        "q75": 0.9492954320074808
      }
    },
    "best_samples_indices": [
      17,
      61,
      26,
      114,
      112,
      38
    ],
    "total_samples": 135
  },
  "tumor": {
    "statistics": {
      "accuracy": {
        "mean": 0.9895620275426794,
        "std": 0.030956330111065418,
        "median": 1.0,
        "min": 0.7436256408691406,
        "max": 1.0,
        "q25": 0.9949264526367188,
        "q75": 1.0
      },
      "miou_all": {
        "mean": 0.9002243795512634,
        "std": 0.16201016115940076,
        "median": 1.0,
        "min": 0.32938893636067706,
        "max": 1.0,
        "q25": 0.6649754842122396,
        "q75": 1.0
      },
      "miou_foreground": {
        "mean": 0.8555555555555555,
        "std": 0.23465235646603197,
        "median": 1.0,
        "min": 0.0,
        "max": 1.0,
        "q25": 0.5,
        "q75": 1.0
      },
      "mdice_all": {
        "mean": 0.9018664986441226,
        "std": 0.15932673260019756,
        "median": 1.0,
        "min": 0.33134939669650887,
        "max": 1.0,
        "q25": 0.6658189243716037,
        "q75": 1.0
      },
      "mdice_foreground": {
        "mean": 0.8555555555555555,
        "std": 0.23465235646603197,
        "median": 1.0,
        "min": 0.0,
        "max": 1.0,
        "q25": 0.5,
        "q75": 1.0
      }
    },
    "best_samples_indices": [
      0,
      1,
      2,
      3,
      4,
      5
    ],
    "total_samples": 135
  },
  "joint": {
    "statistics": {
      "accuracy": {
        "mean": 0.9811830308702257,
        "std": 0.01700559838275755,
        "median": 0.9845771789550781,
        "min": 0.914276123046875,
        "max": 1.0,
        "q25": 0.9712295532226562,
        "q75": 0.9964733123779297
      },
      "miou_all": {
        "mean": 0.5633812938095154,
        "std": 0.1651267368904573,
        "median": 0.49429893493652344,
        "min": 0.4571380615234375,
        "max": 1.0,
        "q25": 0.4872550964355469,
        "q75": 0.4996633529663086
      },
      "miou_foreground": {
        "mean": 0.14561029151330043,
        "std": 0.3236301741658869,
        "median": 0.0,
        "min": 0.0,
        "max": 1.0,
        "q25": 0.0,
        "q75": 0.0
      },
      "mdice_all": {
        "mean": 0.5757771668343362,
        "std": 0.16778396664454912,
        "median": 0.497133123217194,
        "min": 0.47760932293908526,
        "max": 1.0,
        "q25": 0.4935452777598607,
        "q75": 0.4998316195139546
      },
      "mdice_foreground": {
        "mean": 0.16114317394641806,
        "std": 0.33256145714103175,
        "median": 0.0,
        "min": 0.0,
        "max": 1.0,
        "q25": 0.0,
        "q75": 0.0
      }
    },
    "best_samples_indices": [
      13,
      27,
      36,
      37,
      58,
      60
    ],
    "total_samples": 135
  },
  "evaluation_timestamp": "2025-07-31T02:36:48.209854"
}